Episode,Iteration,FPS,Time Elapsed (s),Total Timesteps,Average Distance,Starting Distance,Ratio,Approx KL,Clip Fraction,Entropy Loss,Explained Variance,Learning Rate,Loss,Policy Gradient Loss,Std,Value Loss
1,1,9,367.23406505584717,3595,140.3700437048029,217.26282756208414,0.6460840323211356,0.009428844,0.11376953125,-11.323760071396828,-0.16229701042175293,0.0003,14.552308082580566,-0.01577639687602641,0.9947229027748108,33.92467566132545
2,3,9,727.3692481517792,7185,140.428417761714,201.7465396368809,0.6960635756849559,0.009639614,0.115966796875,-11.312334698438644,0.7165607213973999,0.0003,13.36535930633545,-0.020967673360428308,0.9948951601982117,33.3508516907692
3,4,1,2810.3046927452087,10001,139.08154213233436,210.1226319156935,0.6619065298408093,N/A,N/A,N/A,N/A,N/A,N/A,N/A,N/A,N/A
4,6,9,3170.442608833313,13591,142.39216975457734,207.35464716123872,0.6867083603091536,0.008537439,0.07265625,-11.316572245955467,0.7493381202220917,0.0003,15.268853187561035,-0.015978318627458066,0.9951892495155334,30.448473477363585
5,8,9,3530.572778701782,17181,140.92742254406258,206.3204787228325,0.683051064133009,0.0072229644,0.042919921875,-11.31838891208172,0.5967256724834442,0.0003,6.0678629875183105,-0.013073941936454503,0.9955931305885315,27.311285150051116
6,9,1,5614.671455383301,20001,146.84868592535327,199.60748480067676,0.7356872718074317,N/A,N/A,N/A,N/A,N/A,N/A,N/A,N/A,N/A
7,11,9,5974.7745106220245,23591,152.22173271090946,216.29626576328172,0.7037649594815636,0.008949786,0.0833984375,-11.298086750507355,0.7426899969577789,0.0003,5.121264934539795,-0.013378175791876857,0.9942280054092407,11.31320246309042
8,13,9,6334.879420518875,27181,151.6767206132507,220.7021440405805,0.6872462488871965,0.01521393,0.151611328125,-11.296904596686364,0.5396141409873962,0.0003,1.8969173431396484,-0.010859551148314495,0.9926660060882568,7.323858643323183
9,14,1,8418.756898403168,30001,153.10705433081318,224.82838343592812,0.680995219513491,N/A,N/A,N/A,N/A,N/A,N/A,N/A,N/A,N/A
10,16,9,8778.924981832504,33590,156.66739959878907,240.21102486393553,0.6522073651179471,0.0146034155,0.247900390625,-11.29302696287632,-0.19067692756652832,0.0003,0.87173992395401,-0.007950820632686373,0.9924448728561401,2.392787456139922
11,18,9,9139.026220798492,37180,158.01459511176114,219.6687357919653,0.7193312900995024,0.014801509,0.181494140625,-11.23874326646328,-0.3253697156906128,0.0003,0.7529947757720947,-0.014611696860811207,0.9824491143226624,2.88760651871562
12,19,1,11224.72257900238,40001,160.13992826000498,195.8920821923294,0.8174905614754633,N/A,N/A,N/A,N/A,N/A,N/A,N/A,N/A,N/A
13,21,9,11584.876225948334,43558,158.39337837701956,202.46635449542623,0.7823195057359404,0.01656629,0.22919921875,-11.195746463537215,-0.025850653648376465,0.0003,1.0031002759933472,-0.007549832851509564,0.9821024537086487,2.2630546536296605
14,23,9,11945.0309009552,47143,157.55189292645494,195.89071124466344,0.8042846540573121,0.008767277,0.03486328125,-11.20280090868473,0.6800565421581268,0.0003,1.2471628189086914,-0.006788436783244834,0.9820230007171631,8.977335791289807
15,24,1,14031.891299009323,50001,156.8138598905784,207.83280458055904,0.7545192887477735,N/A,N/A,N/A,N/A,N/A,N/A,N/A,N/A,N/A
16,26,9,14391.998295783997,53591,160.28336136879454,245.23124172679013,0.6536009043552646,0.018583883,0.269970703125,-11.140359026193618,-0.3522406816482544,0.0003,0.6219203472137451,-0.00936415402975399,0.970074474811554,1.9108201121911406
17,27,9,14752.148945093155,57186,160.99412425746016,216.9765291783367,0.7419886605575498,0.0040719816,0.047509765625,-11.105849710106849,0.5701972544193268,0.0003,13.894216537475586,-0.002488428070500959,0.9700407981872559,22.040773975849152
18,29,1,16836.206372499466,60001,162.66919779424825,223.5871126823194,0.7275428169483743,N/A,N/A,N/A,N/A,N/A,N/A,N/A,N/A,N/A
19,31,9,17196.31216263771,63590,163.54759573865846,211.96089285073666,0.7715932573176555,0.014526854,0.219970703125,-11.065628007054329,-0.004455685615539551,0.0003,0.8394392728805542,-0.007093804563919548,0.9645856022834778,1.6563213607296348
20,32,9,17556.506843090057,67185,159.63771837689745,232.51382467993045,0.6865730181706338,0.01078755,0.0841796875,-11.055236861109734,0.572869062423706,0.0003,2.121624708175659,-0.008443294417520519,0.9635425209999084,4.096753170713782
21,34,1,19644.803213596344,70001,162.9615767579232,219.78633485262043,0.7414545443291479,N/A,N/A,N/A,N/A,N/A,N/A,N/A,N/A,N/A
22,35,9,20004.952896118164,73582,164.0224988863026,242.97702057032737,0.6750535441635637,0.004861201,0.059765625,-10.917966577410699,0.11640214920043945,0.0003,1087.923828125,0.0002748332539340481,0.9477707147598267,1072.2528833210467
23,37,9,20365.060382843018,77172,165.0547925117404,204.044923818426,0.8089139853271632,0.012361435,0.143408203125,-10.890527382493019,-0.31935322284698486,0.0003,0.8071525692939758,-0.011216825710289414,0.9438753128051758,2.1892825420945883
24,39,1,22449.620761871338,80001,164.99084733926765,210.94933341110325,0.7821349547368771,N/A,N/A,N/A,N/A,N/A,N/A,N/A,N/A,N/A
25,40,9,22809.794919729233,83597,166.05528838351816,252.13077189590803,0.6586077817271505,0.006356514,0.077734375,-10.79386445581913,0.024464666843414307,0.0003,10.815391540527344,-0.0018021915573626756,0.9330987334251404,1009.6444493182004
26,42,9,23169.916899442673,87137,164.6934793936665,215.9772078285667,0.7625502757883278,0.022496134,0.296337890625,-10.759010949730873,-0.2260195016860962,0.0003,1.2030421495437622,-0.007722241821466014,0.9283440113067627,2.148447661846876
27,43,1,25258.687008857727,90001,166.9619089971382,225.49878837946773,0.7404115569622304,N/A,N/A,N/A,N/A,N/A,N/A,N/A,N/A,N/A
28,45,9,25618.823182106018,93591,168.7357361221259,205.31088163454194,0.8218548124618127,0.016688392,0.231689453125,-10.723068648576737,-0.01798415184020996,0.0003,1.0642123222351074,-0.007285601727198809,0.9244775772094727,1.9060638591647148
29,47,9,25978.930397987366,97181,170.2490277021313,200.33861433282837,0.849806355450236,0.017869638,0.278564453125,-10.729737529158593,0.0294075608253479,0.0003,0.7697305083274841,-0.007626043207710609,0.9253793358802795,1.7378991110250355
30,48,1,28064.15323328972,100001,166.95920976638524,229.2465316116384,0.7282954668610963,N/A,N/A,N/A,N/A,N/A,N/A,N/A,N/A,N/A
31,50,9,28424.28059530258,103591,168.10125791634297,222.4323667438395,0.755740993890219,0.021363597,0.20078125,-10.672046372294426,-0.3847920894622803,0.0003,0.7152681350708008,-0.007068056767457165,0.915497899055481,1.6015051266178488
32,52,9,28784.390910863876,107181,168.45382550541177,191.70592823862813,0.8787095268943742,0.013014152,0.139453125,-10.609210953116417,0.6960280239582062,0.0003,2.090463638305664,-0.0072566024449770335,0.9129921197891235,3.532989114522934
33,53,1,30869.744348049164,110001,170.3349647152637,244.89168111811205,0.695552270038567,N/A,N/A,N/A,N/A,N/A,N/A,N/A,N/A,N/A
34,55,9,31229.893805980682,113572,167.17546697941492,207.77982597317472,0.8045798777451956,0.026559027,0.278369140625,-10.522786751389503,-0.0319523811340332,0.0003,0.6892065405845642,-0.0036670198474894277,0.9008229970932007,1.0770948827266693
35,57,9,31589.994415044785,117162,168.62094984051419,227.32796082513494,0.7417519130883362,0.019894216,0.2486328125,-10.464325022697448,0.10268980264663696,0.0003,0.9258170127868652,-0.007661786962125916,0.8953740000724792,1.8988921374082566
36,58,1,33676.38243508339,120001,169.6775086358648,236.8019482396266,0.716537637875189,N/A,N/A,N/A,N/A,N/A,N/A,N/A,N/A,N/A
37,60,9,34036.571154117584,123589,170.95056052044015,247.5042267584625,0.6906975398334086,0.022197733,0.312451171875,-10.44494213461876,-0.021230340003967285,0.0003,0.7297742366790771,-0.0044573971710633485,0.8950745463371277,1.3917333360761404
38,62,9,34396.70272517204,127179,171.57855572460207,202.54436368363886,0.8471159236630086,0.019573804,0.270849609375,-10.452295210957526,0.058776795864105225,0.0003,0.6994112133979797,-0.0016186526263481937,0.8947876691818237,1.581141317822039
39,63,1,36481.93604302406,130001,172.2195729141564,199.84064968785594,0.8617844927103535,N/A,N/A,N/A,N/A,N/A,N/A,N/A,N/A,N/A
40,65,9,36842.09196591377,133590,174.55304608766,216.6860664821437,0.8055573158048178,0.020347796,0.24814453125,-10.431174623966218,-0.0368196964263916,0.0003,0.6622617244720459,-0.0010677773956558668,0.8934831619262695,1.471502955816686
41,66,9,37202.27375078201,137186,174.41162304670058,207.5742759609107,0.840237174087722,0.02550742,0.275341796875,-10.406031733751297,0.03523045778274536,0.0003,0.7862297892570496,-0.004565615043975413,0.8876625299453735,1.4155946599319578
42,68,1,39287.29361462593,140001,174.0966017433716,215.53459120137555,0.8077432061970594,N/A,N/A,N/A,N/A,N/A,N/A,N/A,N/A,N/A
43,70,9,39647.42675328255,143570,176.1964703831845,200.8321099818715,0.8773321676453493,0.01920321,0.2197265625,-10.287243893742561,-0.009294748306274414,0.0003,0.753659725189209,-0.0038074164564022793,0.875837504863739,1.4994351474568248
44,71,9,40007.604122161865,147166,177.25771625451043,228.51117260783272,0.7757070003693751,0.016850656,0.230224609375,-10.232536906003952,0.06672108173370361,0.0003,0.5965235233306885,-0.0061633232660824435,0.8694841861724854,1.1668424284085632
45,73,1,42093.57915830612,150001,176.910807760428,208.35300773064046,0.8490916914870696,N/A,N/A,N/A,N/A,N/A,N/A,N/A,N/A,N/A
46,74,9,42453.756158828735,153596,177.77083472220735,205.09730832721561,0.8667633728210067,0.0112462845,0.136328125,-10.081916216015816,-0.0004118680953979492,0.0003,556.4104614257812,0.0021948454021185173,0.8554765582084656,1060.7090256914496
47,76,9,42813.86242222786,157183,179.15310047088974,249.23825191111146,0.7188025878739634,0.022092938,0.253857421875,-10.040682303905488,0.06648635864257812,0.0003,0.5265949368476868,-0.0010465949366334827,0.8501001000404358,1.166084324195981
48,78,1,44898.081377744675,160001,177.41932928239677,240.25120683147048,0.7384742479435347,N/A,N/A,N/A,N/A,N/A,N/A,N/A,N/A,N/A
49,79,9,45258.260140419006,163597,180.20666957838512,218.30681277815498,0.8254743280115242,0.015983839,0.108740234375,-9.971791088581085,-0.0006936788558959961,0.0003,5.062835216522217,0.0035977997969894203,0.8440759778022766,1044.2268834374845
50,81,9,45618.36536335945,167187,177.20424816746024,201.48982424714197,0.8794699624637435,0.018861577,0.25380859375,-9.92336530983448,0.03898388147354126,0.0003,0.5571665167808533,0.0027327575844537932,0.8367927074432373,1.3974666144698857
51,83,1,47701.45127058029,170001,175.82673198258283,206.7282254433064,0.850521169064076,N/A,N/A,N/A,N/A,N/A,N/A,N/A,N/A,N/A
52,84,9,48061.63280439377,173597,177.31835427942636,199.22833110111893,0.8900257975329217,0.009982837,0.098388671875,-9.850686076283456,0.020353615283966064,0.0003,2.486333131790161,-0.004091652238275856,0.8316397070884705,928.0214666061104
53,86,9,48421.79313802719,177187,178.2424347934026,249.9461256421058,0.7131234154380345,0.029009156,0.3208984375,-9.838199517130851,0.03789323568344116,0.0003,0.6446540951728821,0.010389107855735347,0.8289527893066406,1.147294177673757
54,87,1,50504.35423731804,180001,180.55051081793195,223.43049774939533,0.8080835545577196,N/A,N/A,N/A,N/A,N/A,N/A,N/A,N/A,N/A
55,89,9,50864.483297109604,183585,180.05352425615698,205.6485923783339,0.8755397845121673,0.02890244,0.251806640625,-9.775299966335297,0.05283486843109131,0.0003,0.44522780179977417,-0.0018413871599477715,0.8233315944671631,1.1568722970783711
56,91,9,51224.64073109627,187133,181.3006223130743,238.5845244084029,0.7599010152172676,0.026724469,0.26083984375,-9.73313075006008,0.05263108015060425,0.0003,0.6548894047737122,0.004779211725690402,0.8176472783088684,1.2595555197447539
57,92,1,53314.006804943085,190001,177.4024156201958,203.04821840758694,0.873695996997564,N/A,N/A,N/A,N/A,N/A,N/A,N/A,N/A,N/A
58,94,9,53674.11324977875,193591,169.4540514212823,225.87560244737531,0.7502096268266151,0.009047661,0.059619140625,-9.713463595509529,0.9527140036225319,0.0003,1.8974785804748535,-0.009722358683939092,0.8175644278526306,26.99897431731224
59,96,9,54034.29641509056,197179,178.99197429003956,209.04634195948086,0.8562310759053288,0.040187933,0.380419921875,-9.679883912205696,-0.013326883316040039,0.0003,0.4968617260456085,0.010802333386527608,0.8149541616439819,1.071148465014994
60,97,1,56117.883709430695,200001,178.7515106662195,206.91414320103704,0.8638921820464693,N/A,N/A,N/A,N/A,N/A,N/A,N/A,N/A,N/A
61,99,9,56478.00397896767,203591,179.90204384601932,211.0684146919033,0.8523399586272652,0.023092816,0.2666015625,-9.587450432777405,-0.009632468223571777,0.0003,0.7642780542373657,0.001686883567890618,0.804888904094696,1.4161078246310352
62,101,9,56838.11571288109,207181,176.98792110792738,233.3230840076151,0.7585529818479123,0.027985431,0.29072265625,-9.547118097543716,0.043999671936035156,0.0003,0.764373779296875,0.0019221994283725508,0.7984849214553833,1.465801470912993
63,102,1,58921.91229772568,210001,180.8647356394197,205.50271156899421,0.8801087550550266,N/A,N/A,N/A,N/A,N/A,N/A,N/A,N/A,N/A
64,104,9,59282.07376050949,213589,178.87113958433815,190.49643335767348,0.9389736932685357,0.023867622,0.27685546875,-9.456353759765625,0.002576470375061035,0.0003,0.5629945993423462,7.733905804343521e-05,0.7910709977149963,1.1230140762403606
65,106,9,59642.18062067032,217179,178.1238370513681,204.6070920137284,0.8705653127576665,0.025847102,0.2759765625,-9.365976190567016,0.05594819784164429,0.0003,0.4774572551250458,-0.007583632333262358,0.7838799953460693,1.3786212066188455
66,107,1,61727.716715335846,220001,179.4080149516094,235.27356618519,0.7625506675509507,N/A,N/A,N/A,N/A,N/A,N/A,N/A,N/A,N/A
67,109,9,62087.87868595123,223591,178.78831823742664,201.5968852634009,0.8868605187219375,0.021412874,0.106005859375,-9.36889798939228,-1.187906265258789,0.0003,0.6191929578781128,-0.001005010936933104,0.7832627296447754,1.6433069732040166
68,110,9,62448.00545835495,227183,179.9890865609825,225.40331812444117,0.7985201285351697,0.028435862,0.296337890625,-9.319538024067878,-0.1054455041885376,0.0003,0.5122934579849243,-0.007523798578768037,0.7773741483688354,1.0457662994042038
69,112,1,64531.50814819336,230001,172.12565764699812,221.1611289021785,0.7782816921825843,N/A,N/A,N/A,N/A,N/A,N/A,N/A,N/A,N/A
70,114,9,64891.620148181915,233591,181.91548289955963,207.54399599291887,0.8765152758539272,0.025346298,0.315625,-9.29854965209961,-0.029341697692871094,0.0003,0.6101773381233215,0.011121408909093588,0.7772843241691589,1.3502876408398152
71,115,9,65251.790655612946,237186,182.74668906636361,249.041438275051,0.7338003278977657,0.029714327,0.31396484375,-9.277489069104195,0.04284137487411499,0.0003,0.43616023659706116,0.007638766238233075,0.775317907333374,0.9555857269093394
72,117,1,67336.05317640305,240001,180.43030057204624,239.93277559539902,0.752003556514128,N/A,N/A,N/A,N/A,N/A,N/A,N/A,N/A,N/A
73,118,9,67696.2099905014,243593,182.18383747351837,206.14266879543354,0.8837754868416359,0.022419617,0.289306640625,-9.202996748685838,-0.0001952648162841797,0.0003,498.1669006347656,-0.0025225710196536966,0.7686232924461365,1045.3069726534188
74,120,9,68056.31809210777,247183,180.76384093332888,210.30893747335892,0.8595157348280897,0.06835287,0.2466796875,-9.193198835849762,0.8966036736965179,0.0003,10.92716121673584,0.009818938410899137,0.7665478587150574,28.68394051603973
75,122,1,70141.64293789864,250001,167.61926001771653,239.77930792065422,0.6990564009517606,N/A,N/A,N/A,N/A,N/A,N/A,N/A,N/A,N/A
76,123,9,70501.77585482597,253592,170.59980731526343,208.0504910040325,0.8199923321111355,0.0022295518,0.02490234375,-9.177235499024391,0.5698813498020172,0.0003,38.39502716064453,-0.0006924076145878644,0.7659507393836975,1064.2905273169279
77,125,9,70861.8774151802,257182,179.02646172483352,219.90414657302446,0.8141113503986769,0.035766266,0.39345703125,-9.136405611038208,-0.11151933670043945,0.0003,0.5230210423469543,0.012197196135821287,0.7606641054153442,1.0587723260745405
78,126,1,72944.96014595032,260001,183.17840691856776,212.1816596073697,0.8633093324726047,N/A,N/A,N/A,N/A,N/A,N/A,N/A,N/A,N/A
79,128,9,73305.07143545151,263591,181.88086968672783,206.6559232347224,0.8801144764679465,0.02727941,0.304833984375,-9.10043570101261,0.025054514408111572,0.0003,0.44586119055747986,0.0072985457823961045,0.7580775618553162,0.9497809818945825
80,130,9,73665.2606856823,267181,183.44092271866467,243.7669956568216,0.7525256740535754,0.024508573,0.2529296875,-9.097151738405227,0.0144578218460083,0.0003,0.4351138770580292,0.0047697922651423145,0.7577953338623047,1.040340011380613
81,131,1,75749.40046930313,270001,182.99220338281935,228.63789882895102,0.8003581397488253,N/A,N/A,N/A,N/A,N/A,N/A,N/A,N/A,N/A
82,133,9,76109.56029653549,273588,180.87091428453434,229.6332648325934,0.7876511898935563,0.027291859,0.216162109375,-9.045360642671586,-0.6277698278427124,0.0003,0.46704086661338806,-0.0032171714861760846,0.752833902835846,1.0998062217608093
83,135,9,76469.6680226326,277178,181.03527965129683,192.75515051170817,0.9391981442296171,0.03534793,0.295703125,-9.028786844015121,0.016742825508117676,0.0003,0.49228227138519287,0.00703497770591639,0.7536717653274536,1.1143957434222103
84,136,1,78556.05435156822,280001,183.7956350803326,220.72369181627715,0.8326955460373406,N/A,N/A,N/A,N/A,N/A,N/A,N/A,N/A,N/A
85,138,9,78916.23567605019,283590,173.29682085768098,249.29271089712546,0.695153982778079,0.0075496687,0.06064453125,-9.011028543114662,0.9235414937138557,0.0003,49.238182067871094,-0.0023413328170136085,0.7518309950828552,29.827633943036197
86,140,9,79276.34428334236,287180,181.2991127414468,208.97463724185423,0.8675651511318213,0.038060054,0.33046875,-8.967785346508027,0.004577934741973877,0.0003,0.40301811695098877,0.010128868695755956,0.7462928295135498,1.0560846330597997
87,141,1,81359.80959129333,290001,178.01557421233872,205.1973676715265,0.8675334202985511,N/A,N/A,N/A,N/A,N/A,N/A,N/A,N/A,N/A
88,143,9,81719.92394852638,293591,182.71135215106398,231.594514884561,0.7889278044522644,0.047148,0.31943359375,-8.937227007746696,0.014913439750671387,0.0003,0.27986833453178406,0.009096081343886907,0.7429879307746887,0.8460380484350025
89,145,9,82080.0776977539,297178,181.0172729431175,248.60328252604387,0.7281370990109673,0.03518472,0.323193359375,-8.895803621411323,0.015625178813934326,0.0003,0.36653655767440796,0.002672713309584651,0.7393770217895508,0.798161799274385
90,146,1,84165.31612634659,300001,176.5623257532807,200.17539557714707,0.8820381008575754,N/A,N/A,N/A,N/A,N/A,N/A,N/A,N/A,N/A
91,148,9,84525.48162603378,303573,182.6716075940167,235.30383770484778,0.7763222622112519,0.045051176,0.25322265625,-8.868297037482261,-0.6325681209564209,0.0003,0.45904621481895447,0.0015762304537929595,0.7380353212356567,1.0394702106714249
92,149,9,84885.65997958183,307169,180.51369494366614,213.11408032839708,0.8470284772620582,0.030869164,0.318408203125,-8.864273273944855,0.03477609157562256,0.0003,0.5461847186088562,0.0036539075779728593,0.7382761836051941,1.2271473130211235
93,151,1,86972.47299551964,310001,172.08902182307824,230.71146302398245,0.7459058148540699,N/A,N/A,N/A,N/A,N/A,N/A,N/A,N/A,N/A
94,153,9,87332.62080574036,313591,180.4067368176091,198.65143449580128,0.9081572316630927,0.033303488,0.361181640625,-8.793845894932748,-0.010325908660888672,0.0003,0.5001633167266846,0.015729798024403864,0.7276434302330017,1.0732803001999855
95,154,9,87692.75843572617,317186,180.62847676355213,217.07278604703416,0.8321101877985503,0.03376478,0.300830078125,-8.755173301696777,-0.0058710575103759766,0.0003,0.39277544617652893,0.010205738894001115,0.7273547053337097,0.8961314539425075
96,156,1,89776.4622118473,320001,178.8442146871806,211.31281234283114,0.8463481826034575,N/A,N/A,N/A,N/A,N/A,N/A,N/A,N/A,N/A
97,158,9,90136.62065267563,323591,179.08490928847985,224.33446462628262,0.798294232617428,0.042882375,0.297705078125,-8.75209774672985,-0.12568926811218262,0.0003,0.5119398236274719,-0.0007777831429848448,0.7255068421363831,1.2353227082639933
98,159,9,90496.78728485107,327185,176.98321893520264,202.2319599035132,0.8751496005856,0.03078774,0.25439453125,-8.72854428589344,0.05197709798812866,0.0003,0.4432131052017212,-0.0001242412683495786,0.7234320044517517,0.9214581800624728
99,161,1,92581.16362404823,330001,179.24638680287325,213.50731545491257,0.8395327645844791,N/A,N/A,N/A,N/A,N/A,N/A,N/A,N/A,N/A
100,162,9,92941.32966566086,333579,171.57143109360263,205.37873368264033,0.8353904419272633,0.028874457,0.285986328125,-8.64217227101326,0.5483064949512482,0.0003,317.04351806640625,0.0012762407684931531,0.7164140939712524,1117.1895743995906
101,164,9,93301.43468213081,337169,179.277036126271,238.77740793169454,0.750812389158507,0.041597866,0.31552734375,-8.63391886651516,0.026979267597198486,0.0003,0.5987362861633301,0.003724281980248634,0.7153081893920898,1.046725202538073
102,166,1,95388.46807408333,340001,177.27265688126943,226.40331654058073,0.7829949648705562,N/A,N/A,N/A,N/A,N/A,N/A,N/A,N/A,N/A
103,167,9,95748.57162857056,343596,178.3015292426077,227.27476007311097,0.7845197116708019,0.030319303,0.24228515625,-8.604443150758744,0.0001722574234008789,0.0003,3.433361053466797,0.0022741646171198227,0.7128975987434387,1027.0414813991636
104,169,9,96108.6933169365,347177,178.38675433344991,217.91953210841186,0.8185900208555195,0.03019746,0.282373046875,-8.600072294473648,0.016541779041290283,0.0003,0.45945411920547485,0.0008723878461751155,0.7124176025390625,0.9966986007988453
105,170,1,98192.53795218468,350001,174.8075544411647,228.48270540338328,0.765080027096774,N/A,N/A,N/A,N/A,N/A,N/A,N/A,N/A,N/A
106,172,9,98552.65474581718,353590,177.31906424355657,224.4113599922449,0.7901519078610114,0.037619546,0.323046875,-8.566665676236152,0.018748044967651367,0.0003,0.5790660977363586,0.0057877874525729565,0.7073014974594116,1.0994478644803167
107,174,9,98912.75824189186,357180,177.9784484592984,248.00312020011603,0.7176460050812503,0.034857906,0.32841796875,-8.509401780366897,0.013726115226745605,0.0003,0.612541913986206,0.007250968538573943,0.7036556005477905,0.8335579628124833
108,175,1,100999.33002567291,360001,171.4461864625119,241.021452243285,0.7113316464853741,N/A,N/A,N/A,N/A,N/A,N/A,N/A,N/A,N/A
109,177,9,101359.51693868637,363580,177.53036982441995,242.30304929343262,0.7326790576598482,0.038018584,0.338818359375,-8.50885948240757,-0.15714240074157715,0.0003,0.5258251428604126,0.006661995338799897,0.7033637762069702,1.0836399223655462
110,179,9,101719.68168568611,367169,177.3341519232498,204.128168166354,0.8687392510118034,0.03853946,0.33857421875,-8.477126032114029,0.017397165298461914,0.0003,0.4686727523803711,0.014452284316939767,0.7013916373252869,0.8910015758126975
111,180,1,103806.12228345871,370001,174.0393715929272,209.79588475168924,0.8295652309811375,N/A,N/A,N/A,N/A,N/A,N/A,N/A,N/A,N/A
112,182,9,104166.24721884727,373591,173.32230903238872,248.8447772728561,0.6965077223314289,0.052785568,0.348095703125,-8.499356457591057,-0.2042253017425537,0.0003,0.4340318739414215,0.014781032444443554,0.7049614787101746,0.7870580591261387
113,184,9,104526.39068746567,377139,173.19916748638744,243.75760147336334,0.7105385286017996,0.035338096,0.3455078125,-8.534285852313042,0.008197784423828125,0.0003,0.7578274011611938,0.01292307942203479,0.7078702449798584,1.2157916182652115
114,185,1,106613.69456720352,380001,177.68896166375094,230.79533180115507,0.7698984215887059,N/A,N/A,N/A,N/A,N/A,N/A,N/A,N/A,N/A
115,187,9,106973.81211590767,383591,178.36360157317492,218.0942521957646,0.8178280710170809,0.04786352,0.315869140625,-8.593453523516654,0.00605463981628418,0.0003,0.4484204053878784,0.005006703967228532,0.7114017605781555,0.7578710726462304
116,189,9,107333.92383098602,387181,173.31513224883986,220.16791822920018,0.7871952173722903,0.03456752,0.29814453125,-8.587184303998947,0.004733622074127197,0.0003,0.49313509464263916,0.006156534558977,0.7117112874984741,0.9118594797328115
117,190,1,109418.3944504261,390001,175.08414720381376,216.0449461591804,0.810406122968565,N/A,N/A,N/A,N/A,N/A,N/A,N/A,N/A,N/A
118,192,9,109778.58583974838,393589,176.27098271782927,236.36597220666724,0.74575448010641,0.024504224,0.13564453125,-8.582833135128022,-1.06201171875,0.0003,0.46110236644744873,-0.00544841206719866,0.7114105224609375,1.300374205969274
119,193,9,110138.76264810562,397185,178.4686822258996,204.32482963941186,0.8734556761449764,0.034397442,0.326513671875,-8.576630768179893,0.7679247707128525,0.0003,3.7530276775360107,0.009558839144301601,0.7114129066467285,9.596346694976091
120,195,1,112226.5477836132,400001,174.1282018196687,197.1548776812234,0.883205142412017,N/A,N/A,N/A,N/A,N/A,N/A,N/A,N/A,N/A
121,197,9,112586.73473095894,403573,176.88429628204452,219.72356438552637,0.8050310706396688,0.060297772,0.42060546875,-8.555889293551445,0.0055773258209228516,0.0003,0.42493462562561035,0.030754338746191934,0.7085158824920654,0.9800691705197095
122,198,9,112946.83684110641,407167,169.21563427695335,237.15729970171716,0.7135164487442852,0.024372948,0.30146484375,-8.549018889665604,0.8948345258831978,0.0003,13.087964057922363,0.005767377487791237,0.7085672616958618,38.26289001256227
123,200,1,115032.56657361984,410001,171.68433678915767,216.77643745093286,0.7919879983636056,N/A,N/A,N/A,N/A,N/A,N/A,N/A,N/A,N/A
124,201,9,115392.66486406326,413593,175.63949188181022,206.24700253880988,0.851597791578861,0.046694726,0.414404296875,-8.58025888800621,0.1691378951072693,0.0003,1251.1795654296875,0.0071555548420292325,0.7111207842826843,1072.5701331868768
125,203,9,115752.80042171478,417179,177.01827321801457,211.34272533328385,0.8375886746934856,0.03258407,0.317822265625,-8.531721380352973,0.033984363079071045,0.0003,0.5897680521011353,0.010639068645832594,0.7042816877365112,1.127447416819632
126,205,1,117836.62126350403,420001,177.89671550001276,240.85096351316307,0.7386174126319834,N/A,N/A,N/A,N/A,N/A,N/A,N/A,N/A,N/A
127,206,9,118196.80672335625,423597,177.17371200335887,228.6871485702338,0.774742757129379,0.037212793,0.240771484375,-8.428541997075081,-5.960464477539062e-07,0.0003,460.2287292480469,0.0026385210832813753,0.6973979473114014,1043.3733668878674
128,208,9,118556.9209330082,427187,177.25222182931603,238.1291641886912,0.7443532690891366,0.035328157,0.29462890625,-8.3747976988554,0.010086119174957275,0.0003,0.3731858730316162,0.007534085866063833,0.6913548707962036,0.8053780844435096
129,209,1,120643.65378284454,430001,176.634253536868,223.4824932353736,0.7903717690800744,N/A,N/A,N/A,N/A,N/A,N/A,N/A,N/A,N/A
130,211,9,121003.781447649,433578,177.61135021827704,232.8131326323053,0.7628923171563028,0.041207198,0.31484375,-8.283229130506516,-0.021994948387145996,0.0003,0.3997882306575775,0.007203491625841707,0.684493362903595,0.9324719211086631
131,213,9,121363.88572978973,437168,170.75701136859072,217.18754835552983,0.7862191578730212,0.040859737,0.311376953125,-8.285098415613174,0.003976285457611084,0.0003,0.34533366560935974,0.0036848973133601247,0.6857476830482483,1.0244710839353501
132,214,1,123449.67197322845,440001,176.17938440822996,222.59038801048916,0.7914959220967251,N/A,N/A,N/A,N/A,N/A,N/A,N/A,N/A,N/A
133,216,9,123809.86595416069,443591,175.8339801702842,193.63338177762608,0.9080767921112735,0.059350707,0.308837890625,-8.258369624614716,-0.001179814338684082,0.0003,0.4014509916305542,0.011188315975596197,0.6809449195861816,0.9472667107358574
134,218,9,124169.97977399826,447181,176.58834703431532,216.72552895044527,0.8148017812645072,0.027632805,0.292431640625,-8.167114102840424,-0.0025342702865600586,0.0003,0.3177088499069214,0.006394500838359818,0.6747260093688965,0.6912685710936785
135,219,1,126253.12567806244,450001,177.09015998274865,231.62823044091488,0.7645448037385144,N/A,N/A,N/A,N/A,N/A,N/A,N/A,N/A,N/A
136,221,9,126613.24111533165,453591,175.7604303410599,241.2258685739119,0.7286135246610448,0.028352875,0.30322265625,-8.195249670743943,0.002907276153564453,0.0003,0.2833540439605713,0.0027020486595574766,0.6789278984069824,0.8547509294003248
137,223,9,126973.388504982,457180,171.27574341887274,244.13033187798382,0.7015750238871433,0.044598002,0.347900390625,-8.179379671812057,0.006571948528289795,0.0003,0.40381723642349243,0.003352968087710906,0.6759271621704102,0.7539357349276543
138,224,1,129062.38622927666,460001,175.36931680794677,231.3870843897808,0.757904518614056,N/A,N/A,N/A,N/A,N/A,N/A,N/A,N/A,N/A
139,226,9,129422.49147033691,463574,175.07971235569966,198.11147723832613,0.8837434095000993,0.033317007,0.326904296875,-8.119843965768814,-0.02496480941772461,0.0003,0.4628838300704956,0.004572201312112156,0.671697199344635,0.8071971001103521
140,228,9,129782.59947943687,467164,174.65451982905248,222.15540931769817,0.7861817111069485,0.03801144,0.309765625,-8.084543997049332,0.01859891414642334,0.0003,0.5770568251609802,0.0073056408189586365,0.6676428914070129,0.8699702499434352
141,229,1,131867.53416275978,470001,176.1450376483988,239.35439161350945,0.7359173001213359,N/A,N/A,N/A,N/A,N/A,N/A,N/A,N/A,N/A
142,231,9,132227.6533203125,473591,175.76244249249885,242.32172862639354,0.7253267937993527,0.046581227,0.33447265625,-7.985131268203259,-0.22147047519683838,0.0003,0.5631847381591797,0.0015141124313231558,0.6590688824653625,1.010206400975585
143,232,9,132587.83337664604,477141,174.23864770603052,213.31284364392664,0.8168221131442002,0.012269519,0.138330078125,-7.957449083030224,0.876616507768631,0.0003,4.136507987976074,-0.0064953048204188235,0.6582974195480347,14.832942828722299
144,234,1,134675.6362338066,480001,177.66961446346082,227.92090175189642,0.779523128847846,N/A,N/A,N/A,N/A,N/A,N/A,N/A,N/A,N/A
145,236,9,135035.7821855545,483585,178.32107159853754,243.8549113338359,0.7312588892434365,0.053543396,0.339697265625,-7.916359210014344,-0.005087375640869141,0.0003,0.19395792484283447,0.011296352457429748,0.6550811529159546,0.7797409272752702
146,237,9,135395.91417717934,487179,177.39608876152616,239.10548014547,0.741915612530502,0.054326326,0.26796875,-7.908892863988877,0.8521250933408737,0.0003,29.887531280517578,0.008205475798604311,0.6553395390510559,40.40943329874426
147,239,1,137482.25122737885,490001,179.13895788105904,206.83786227346715,0.8660839747232232,N/A,N/A,N/A,N/A,N/A,N/A,N/A,N/A,N/A
148,241,9,137842.35520267487,493587,179.67467867729462,194.2313616462784,0.9250549301327894,0.038174838,0.330615234375,-7.872267997264862,0.0033743977546691895,0.0003,0.3594188690185547,0.007211407608701847,0.6529139280319214,0.7549069217406214
149,242,9,138202.51344108582,497182,179.21682443559973,212.35411278528431,0.843952688671538,0.031697292,0.3287109375,-7.867594608664513,0.07895255088806152,0.0003,0.4097505509853363,0.005973103402357083,0.6517434120178223,0.9512284995988012
150,244,1,140288.20454406738,500001,178.6606540317877,228.90414467030212,0.780504233722453,N/A,N/A,N/A,N/A,N/A,N/A,N/A,N/A,N/A
151,245,9,140648.38194656372,503580,177.59329143304927,219.39150585740904,0.8094811635436514,0.05778386,0.353173828125,-7.803232797980309,-8.296966552734375e-05,0.0003,15.41210651397705,-0.0018841393670300023,0.6485084295272827,1050.739320295304
152,247,9,141008.50749778748,507170,177.4905819909233,201.07012304249508,0.8827297626580336,0.045835886,0.295703125,-7.7776940450072285,0.0018657445907592773,0.0003,0.4726564288139343,0.010376166272908448,0.6476253867149353,0.9352153674699366
153,249,1,143093.8374800682,510001,176.97676325000248,207.6750485075527,0.8521811576394851,N/A,N/A,N/A,N/A,N/A,N/A,N/A,N/A,N/A
154,250,9,143454.03389692307,513597,176.88974819717657,234.10195231361567,0.7556098804345103,0.03532319,0.318408203125,-7.763883009552956,-6.508827209472656e-05,0.0003,2667.771240234375,0.002603172435192391,0.6454534530639648,1049.6215576283635
155,252,9,143814.1422138214,517187,177.4877109697837,202.97232102375412,0.8744429293342518,0.03249211,0.31484375,-7.789052174985409,-0.0009719133377075195,0.0003,0.27926167845726013,0.0009254643737222068,0.6460117697715759,0.7529496011324227
156,253,1,145901.51468777657,520001,177.82141666151227,198.50422570576174,0.8958067065287209,N/A,N/A,N/A,N/A,N/A,N/A,N/A,N/A,N/A
157,255,9,146261.66612505913,523579,178.59815196032753,225.5622946333483,0.7917908099429427,0.044399306,0.3177734375,-7.815820433199406,0.0014407634735107422,0.0003,0.35316166281700134,0.005918815531185828,0.649575412273407,0.7383433103561401
158,257,9,146621.83166527748,527167,179.75362750742173,227.38961630777456,0.7905093927601472,0.044181857,0.347998046875,-7.856719788908959,-0.0003508329391479492,0.0003,0.3684060871601105,0.005368606884439941,0.6532601714134216,0.5816438633948564
159,258,1,148707.04265928268,530001,179.9217734752665,218.79009002578624,0.8223488250956028,N/A,N/A,N/A,N/A,N/A,N/A,N/A,N/A,N/A
160,260,9,149067.15534853935,533591,179.8698407744381,246.3282525372608,0.7302038597754033,0.05420642,0.331396484375,-7.857958783209324,0.002354264259338379,0.0003,0.27510061860084534,0.0020140214124694466,0.653404712677002,0.6546160788275301
161,262,9,149427.33219599724,537145,180.63104357878439,223.83490335883624,0.8069833652761897,0.030260947,0.31181640625,-7.841696809232235,0.0065610408782958984,0.0003,0.24372807145118713,0.003654308509430848,0.6507178544998169,0.6393807199783623
162,263,1,151514.37967896461,540001,180.12592740388024,210.52755657817102,0.8555931125196794,N/A,N/A,N/A,N/A,N/A,N/A,N/A,N/A,N/A
163,265,9,151874.50818562508,543591,180.66511392893332,201.21487821024033,0.8978715467559238,0.08332075,0.356396484375,-7.807954055070877,-0.49189841747283936,0.0003,0.3713570535182953,0.013760682244901545,0.6488851308822632,0.7888572292402387
164,267,9,152234.62760782242,547176,178.19233705162497,212.06859228115323,0.8402580275318833,0.115012944,0.37978515625,-7.7768168047070505,-0.02266526222229004,0.0003,0.35655856132507324,0.018637836057314415,0.6463918089866638,0.6555591608397663
165,268,1,154319.0326707363,550001,177.81454853406063,242.73043233296312,0.7325597652713989,N/A,N/A,N/A,N/A,N/A,N/A,N/A,N/A,N/A
166,270,9,154679.18950915337,553587,180.5926910544127,230.07710209847866,0.7849224864502796,0.06759915,0.3671875,-7.812788666784764,0.0009169578552246094,0.0003,0.35003846883773804,0.015167581953573973,0.651816189289093,0.6970168676227331
167,272,9,155039.3034749031,557177,179.59844050126495,212.75786372899756,0.8441447820233344,0.044816133,0.3208984375,-7.797470387816429,0.007587134838104248,0.0003,0.33657020330429077,0.0060001258520060215,0.6492055058479309,0.8212251262739301
168,273,1,157124.2987060547,560001,175.08012020339146,214.77786670403367,0.8151683545895996,N/A,N/A,N/A,N/A,N/A,N/A,N/A,N/A,N/A
169,275,9,157484.45460247993,563564,178.11117893095974,240.873537554934,0.7394385482894293,0.054898992,0.34248046875,-7.762017554044723,0.006553769111633301,0.0003,0.28906241059303284,0.013554235066112596,0.6447944045066833,0.6371033597737551
170,276,9,157844.65743470192,567160,178.42617365799396,241.92927766129176,0.7375137700687717,0.03711903,0.34150390625,-7.7365755751729015,0.013107597827911377,0.0003,0.3840113580226898,0.008527038124157116,0.6439694166183472,0.7231894036754966
171,278,1,159930.90303611755,570001,174.0361875548933,202.43532017343583,0.8597125610579633,N/A,N/A,N/A,N/A,N/A,N/A,N/A,N/A,N/A
172,280,9,160291.07335615158,573591,176.4636869331593,203.1222661048436,0.868755997641715,0.0601619,0.40927734375,-7.722152505815029,-0.01004946231842041,0.0003,0.32182902097702026,0.016135379987827037,0.6430246829986572,0.641401207819581
173,281,9,160651.24821066856,577187,176.94793185851677,200.8733147671636,0.8808931742059455,0.061567664,0.337548828125,-7.71293643116951,0.34188973903656006,0.0003,0.20547053217887878,0.003456805164751131,0.6423810720443726,7.670921160280704
174,283,1,162734.63085889816,580001,176.24807863451338,220.58316787200766,0.7990096449098985,N/A,N/A,N/A,N/A,N/A,N/A,N/A,N/A,N/A
175,284,9,163094.81709313393,583597,176.29377217536936,193.28369651973503,0.9120985129615888,0.039671227,0.347509765625,-7.6536067724227905,-7.963180541992188e-05,0.0003,5.957441806793213,0.0016319622125593014,0.6384233236312866,1044.0370055131614
176,286,9,163454.9304368496,587187,176.07117162001134,210.94302637361224,0.8346859085455732,0.059582386,0.34794921875,-7.591802576184273,0.001706838607788086,0.0003,0.4291408061981201,0.007367586037435103,0.6320903897285461,0.6996402781456709
177,288,1,165542.07045698166,590001,176.1011687249296,225.14213606757107,0.7821777469148512,N/A,N/A,N/A,N/A,N/A,N/A,N/A,N/A,N/A
178,289,9,165902.26738119125,593595,173.56210274764004,228.702003070526,0.7589006673199876,0.100111976,0.247021484375,-7.544004698097706,0.5573806762695312,0.0003,685.5035400390625,0.005259885254781693,0.6300367712974548,1186.6907767295838
179,291,9,166262.4638364315,597177,178.50576843447234,244.159976669655,0.731101677143376,0.12953939,0.35556640625,-7.508333666622638,-0.0007905960083007812,0.0003,0.4113633334636688,0.012837124745419714,0.6261725425720215,0.6931845340877771
180,292,1,168345.95085000992,600001,179.00473519159843,214.1730116883501,0.8357950134822489,N/A,N/A,N/A,N/A,N/A,N/A,N/A,N/A,N/A
181,294,9,168706.06635308266,603591,178.88201874512222,244.3038139606831,0.7322113226358001,0.056323655,0.348583984375,-7.425826120376587,6.735324859619141e-06,0.0003,0.2384026050567627,-1.8384598661214113e-05,0.6191459894180298,0.5815263592638076
182,296,9,169066.1762521267,607181,178.82299694733695,234.15972310684495,0.7636795712546245,0.052996013,0.340576171875,-7.36691250950098,0.0003713369369506836,0.0003,0.13857385516166687,0.006168832362163812,0.6175933480262756,0.43979965457692743
183,297,1,171149.99668216705,610001,171.1437406930678,204.6639482724636,0.8362183087821052,N/A,N/A,N/A,N/A,N/A,N/A,N/A,N/A,N/A
184,299,9,171510.18606877327,613589,181.69302365174883,197.5431115582957,0.9197639047926536,0.07042776,0.2810546875,-7.361907324194908,-0.31599926948547363,0.0003,0.2274957150220871,0.00532946395323961,0.6175965666770935,0.5959981672465802
185,301,9,171870.29006409645,617179,175.25759366910307,194.86162766862168,0.8993951029042163,0.10620855,0.417529296875,-7.3646588861942295,2.3305416107177734e-05,0.0003,0.30335670709609985,0.028121566073969005,0.6186701059341431,0.36715604495257137
186,302,1,173958.24446678162,620001,174.27212860590672,216.97220171258,0.803200258974938,N/A,N/A,N/A,N/A,N/A,N/A,N/A,N/A,N/A
187,304,9,174318.35301089287,623579,179.21276233482152,231.75148510326324,0.7732971473946255,0.07104042,0.42177734375,-7.363313630223274,-0.0012526512145996094,0.0003,0.27928173542022705,0.02968926879693754,0.6172574758529663,0.43030571374110876
188,306,9,174678.47896838188,627168,179.8772007942756,193.00338841564758,0.9319898591982038,0.043644805,0.33818359375,-7.258290521800518,0.015282690525054932,0.0003,0.1817673146724701,0.013323786018008831,0.6069090366363525,0.47572115492075684
189,307,1,176762.8583524227,630001,179.72087495939013,205.51036701394045,0.8745100189870181,N/A,N/A,N/A,N/A,N/A,N/A,N/A,N/A,N/A
190,309,9,177122.9712715149,633591,180.9242911030913,200.60860246088373,0.9018770326081572,0.059574816,0.36240234375,-7.162656918168068,0.0008799433708190918,0.0003,0.14937935769557953,0.010402614265331067,0.6003199815750122,0.4467692729085684
191,311,9,177483.08283400536,637181,179.56270585979524,207.5025727515724,0.8653517085533802,0.041078262,0.3162109375,-7.140745995938778,0.00020611286163330078,0.0003,0.13579803705215454,0.007783597189700231,0.6014714241027832,0.43544445410370825
192,312,1,179566.54530477524,640001,178.9276853227685,221.35220801344556,0.8083392839338649,N/A,N/A,N/A,N/A,N/A,N/A,N/A,N/A,N/A
193,314,9,179926.67447423935,643591,178.93997597144713,245.57476753679532,0.7286578249316104,0.027863733,0.065087890625,-7.117508524656296,-10.654995918273926,0.0003,0.2997734248638153,-0.0009989317884901538,0.5989015102386475,1.0284494422376156
194,316,9,180286.80223178864,647181,177.41144074364615,195.3564120985515,0.9081423990022266,0.07935171,0.4365234375,-7.0994111686944965,0.0016753673553466797,0.0003,0.2785634398460388,0.029430160975607578,0.5989537239074707,0.6208011471666396
195,317,1,182374.1988594532,650001,175.33511399616427,219.67793735428225,0.7981462139886867,N/A,N/A,N/A,N/A,N/A,N/A,N/A,N/A,N/A
196,319,9,182734.32248187065,653579,178.981505352596,214.10814345605354,0.8359397380386543,0.066439345,0.342919921875,-7.095656070113182,-0.0012280941009521484,0.0003,0.15683463215827942,0.023500369759858586,0.5974382758140564,0.34153078105300666
197,320,9,183094.50062084198,657175,178.90330421833073,203.50049257095162,0.8791295881308743,0.07178864,0.377783203125,-7.078892534971237,0.0016571879386901855,0.0003,0.3109907805919647,0.01256066949426895,0.59822678565979,0.5546045932918787
198,322,1,185178.8901002407,660001,178.63788859433475,194.60274365688787,0.9179618192295305,N/A,N/A,N/A,N/A,N/A,N/A,N/A,N/A,N/A
199,324,9,185539.00327205658,663591,178.20304510976473,200.55938446668014,0.8885300759355413,0.046671808,0.3388671875,-7.048038047552109,-0.0024265050888061523,0.0003,0.4491879343986511,0.00949393047776539,0.5947157740592957,0.5980918605811893
200,325,9,185899.14906430244,667148,178.21629430428007,242.40082959065018,0.7352132193822912,0.13511942,0.3109375,-7.0507200300693516,0.5400297045707703,0.0003,0.16051170229911804,0.005243918094492983,0.594319224357605,18.452303544059397
201,327,1,187986.19082260132,670001,176.35905859524212,223.3509324833613,0.7896052039468432,N/A,N/A,N/A,N/A,N/A,N/A,N/A,N/A,N/A
202,328,9,188346.37418293953,673597,178.11902487046532,224.27622057941093,0.7941948745627162,0.029659634,0.26376953125,-6.95122167468071,-8.225440979003906e-06,0.0003,211.8278350830078,0.0014313190986285917,0.5868868827819824,1050.8175622567535
203,330,9,188706.47969913483,677187,177.48348277617052,235.06709243401585,0.7550333010818635,0.04822038,0.36953125,-6.9007050126791,0.008645236492156982,0.0003,0.26237958669662476,0.009625932814378757,0.5815522074699402,0.45146863092668355
204,332,1,190791.51013040543,680001,179.52860331973002,245.60426745421472,0.7309669542008164,N/A,N/A,N/A,N/A,N/A,N/A,N/A,N/A,N/A
205,333,9,191151.61039996147,683592,178.90272661580653,204.7646474138189,0.8736992878182397,0.026798267,0.325732421875,-6.878306420147419,-0.0030378103256225586,0.0003,3.8800504207611084,0.0004637590143829584,0.5826513767242432,1058.1208633832634
206,335,9,191511.74100732803,687182,179.30092660568937,211.1489018402881,0.8491681701537412,0.08055034,0.3326171875,-6.839099773764611,0.0008519291877746582,0.0003,0.2274235188961029,0.009370080172084272,0.5796931385993958,0.36295893443748356
207,336,1,193597.17635297775,690001,178.5046553878583,206.16341071505798,0.8658406201601537,N/A,N/A,N/A,N/A,N/A,N/A,N/A,N/A,N/A
208,338,9,193957.33337903023,693584,177.7043927449402,224.11668804368676,0.7929101321999749,0.032536454,0.31123046875,-6.799817270040512,0.0003711581230163574,0.0003,0.2281186282634735,0.004041625822719652,0.576062798500061,0.357241378352046
209,340,9,194317.44673514366,697174,178.84632344766442,217.96776235428896,0.820517316487216,0.046001114,0.31904296875,-6.712645909190178,-0.00914621353149414,0.0003,0.2685885727405548,0.007532691591768526,0.5684623122215271,0.5699569173157215
210,341,1,196401.2745783329,700001,173.9411390561977,213.64609072839573,0.8141554964248131,N/A,N/A,N/A,N/A,N/A,N/A,N/A,N/A,N/A
211,343,9,196761.3832566738,703591,174.586870450884,215.7850122728085,0.809077834516888,0.06809442,0.348583984375,-6.664414811134338,-0.0021973848342895508,0.0003,0.3986339867115021,0.018738648263388315,0.5666539669036865,0.5747131685726344
212,345,9,197121.492364645,707181,175.66970394176698,230.9890882924711,0.7605108329590856,0.05233212,0.359130859375,-6.630527526140213,0.011202454566955566,0.0003,0.33415737748146057,0.02250269485957688,0.562769889831543,0.6591292482800781
213,346,1,199208.56786823273,710001,177.7525260462684,206.39851988145935,0.8612102749009868,N/A,N/A,N/A,N/A,N/A,N/A,N/A,N/A,N/A
214,348,9,199568.68125486374,713590,174.78074500121778,197.20641741352696,0.8862832523077369,0.11612241,0.37001953125,-6.59119830429554,-0.005998373031616211,0.0003,0.17437249422073364,0.020984945542295463,0.5610761642456055,0.40777194425463675
215,350,9,199928.7885556221,717180,177.06560746193853,211.9799511395316,0.8352941233833411,0.04568235,0.325390625,-6.557862822711468,0.007499098777770996,0.0003,0.19055864214897156,0.013209126231959089,0.559852123260498,0.34454660187475383
216,351,1,202012.59241461754,720001,176.9272204790572,244.35217034751892,0.7240664988873657,N/A,N/A,N/A,N/A,N/A,N/A,N/A,N/A,N/A
217,353,9,202372.73456215858,723569,178.56011529905942,240.6241486454292,0.7420706371502888,0.09981762,0.368896484375,-6.5360326826572415,0.0096052885055542,0.0003,0.2095412015914917,0.009267593860568014,0.5575621128082275,0.4519939763005823
218,355,9,202732.87593626976,727156,178.9843750385486,239.3246903238896,0.7478725859681274,0.038010858,0.31474609375,-6.446179501712322,0.02023756504058838,0.0003,0.15822714567184448,0.006537112330261152,0.5522872805595398,0.26559401978738606
219,356,1,204818.45380043983,730001,179.11645141136984,237.92270816187528,0.7528346192558657,N/A,N/A,N/A,N/A,N/A,N/A,N/A,N/A,N/A
220,358,9,205178.50268554688,733585,178.79677187353846,220.45260587409834,0.8110440389879096,0.039175354,0.31796875,-6.4674614638090135,0.006028354167938232,0.0003,0.21679583191871643,0.0048403955923276955,0.5562331080436707,0.3985665793530643
221,359,9,205538.64595723152,737124,178.75798744999878,240.18468817493314,0.7442522202739436,0.050995447,0.276611328125,-6.484089854359627,0.8404054939746857,0.0003,0.1240350753068924,0.003289227778441273,0.556282639503479,4.782661742391065
222,361,1,207628.39942502975,740001,179.60685494924863,239.1064965331811,0.751158406623738,N/A,N/A,N/A,N/A,N/A,N/A,N/A,N/A,N/A
223,363,9,207988.53771948814,743591,178.99957667557945,207.9486006824157,0.8607875988978261,0.07762858,0.31455078125,-6.387121643126011,-0.04083561897277832,0.0003,0.18850445747375488,0.03088011399668176,0.5491626262664795,0.34198907469399276
224,364,9,208348.71687436104,747187,180.6959126547075,221.18180655038637,0.8169564914623484,0.08069268,0.31259765625,-6.334084483981132,0.11529147624969482,0.0003,0.2471945434808731,0.006025101404520683,0.5454652905464172,0.4484614103566855
225,366,1,210431.79637122154,750001,177.4939021162042,216.4624904469503,0.8199753303665497,N/A,N/A,N/A,N/A,N/A,N/A,N/A,N/A,N/A
226,367,9,210791.95462322235,753596,178.12551590657824,229.02928237972668,0.7777412305350944,0.01880055,0.183642578125,-6.30624445527792,0.06535577774047852,0.0003,388.906982421875,-0.0008957765974628273,0.5445514917373657,1053.1398446731268
227,369,9,211152.06868600845,757186,180.29574257282135,202.6040676066603,0.8898920179769106,0.043959722,0.322412109375,-6.249466627836227,-0.0029374361038208008,0.0003,0.1297849416732788,0.0025824771742918528,0.5396104454994202,0.40739379320293667
228,371,1,213239.13324832916,760001,179.88966163259104,235.44408128670452,0.7640441018924411,N/A,N/A,N/A,N/A,N/A,N/A,N/A,N/A,N/A
229,372,9,213599.26186060905,763583,179.08730591938777,212.5309633709533,0.8426410113561068,0.021789012,0.27587890625,-6.1803515896201136,0.06385385990142822,0.0003,29.19820213317871,-0.0036590427152987104,0.5356452465057373,1070.0345923110842
230,374,9,213959.3711898327,767173,181.2673007132952,247.05118230144754,0.7337236722555572,0.03587714,0.292138671875,-6.175520937144756,-0.001263260841369629,0.0003,0.153283029794693,0.0032806551214889625,0.5364251136779785,0.2697947030887008
231,375,1,216043.39044356346,770001,181.71120701724792,227.14911252814946,0.7999644154221793,N/A,N/A,N/A,N/A,N/A,N/A,N/A,N/A,N/A
232,377,9,216403.55867147446,773590,180.75590571805586,210.22470349167824,0.8598223839341084,0.037824668,0.301220703125,-6.196080176532268,-0.016619205474853516,0.0003,0.1627097874879837,0.0011017132928827778,0.5360716581344604,0.31516779428347946
233,379,9,216763.68813467026,777180,180.34890129128297,208.03392561642775,0.8669206272817717,0.060323827,0.290771484375,-6.127161817252636,0.0069609880447387695,0.0003,0.22890251874923706,0.009126165533962194,0.5317264199256897,0.3099768346641213
234,380,1,218847.60324525833,780001,180.22027892841487,215.8183592777865,0.8350553656857699,N/A,N/A,N/A,N/A,N/A,N/A,N/A,N/A,N/A
235,382,9,219207.7203924656,783591,179.98640111656414,212.15326587766572,0.8483791205003178,0.027779466,0.25380859375,-6.1032176718115805,-0.00451815128326416,0.0003,0.09417866170406342,0.0030715309534571134,0.5316774845123291,0.2748971460852772
236,384,9,219567.82661437988,787181,174.90644797660303,218.10442721720642,0.8019390078790869,0.03137127,0.2802734375,-6.059752130508423,0.00023293495178222656,0.0003,0.15799273550510406,0.0062379469818552025,0.5267781019210815,0.2817967866081744
237,385,1,221652.59988331795,790001,178.39296537388154,224.98757491237117,0.7929014099705842,N/A,N/A,N/A,N/A,N/A,N/A,N/A,N/A,N/A
238,387,9,222012.7743294239,793588,178.50876326274528,246.08717880414812,0.7253883121022486,0.09786695,0.309130859375,-6.00035682618618,-0.6176506280899048,0.0003,0.18010562658309937,0.014583220807253383,0.5241429805755615,0.33951187031343577
239,389,9,222372.89118099213,797178,179.0193253790353,228.056537622581,0.7849778271881899,0.0443781,0.298828125,-5.99042494148016,0.0013343095779418945,0.0003,0.16118064522743225,0.004775171012443025,0.5249133706092834,0.2945080017670989
240,390,1,224456.46582388878,800001,179.62865430284694,246.50312537745316,0.7287074110228583,N/A,N/A,N/A,N/A,N/A,N/A,N/A,N/A,N/A
241,392,9,224816.6164214611,803591,180.0086654693809,202.364472182032,0.8895270179019296,0.046150796,0.265625,-5.945334132015705,0.005984365940093994,0.0003,0.10400910675525665,0.004266593312786426,0.5202419757843018,0.29612451628781855
242,394,9,225176.80037522316,807121,180.36713620937215,202.66070254770932,0.8899956130711185,0.032919727,0.269677734375,-5.902114599943161,-0.0003476142883300781,0.0003,0.038299232721328735,0.0056222963990876455,0.5168934464454651,0.2374203159706667
243,395,1,227265.93046951294,810001,177.45877598068967,207.30081076973184,0.8560447753280113,N/A,N/A,N/A,N/A,N/A,N/A,N/A,N/A,N/A
244,397,9,227626.04815912247,813591,179.25288259686678,235.3498811730783,0.7616442451697806,0.09615082,0.299267578125,-5.86981630474329,-0.011954665184020996,0.0003,0.14466223120689392,0.002835326807689853,0.5143691897392273,0.3111318275798112
245,399,9,227986.1676762104,817181,178.29850669351748,235.40544158922577,0.7574103023694844,0.040113732,0.29423828125,-5.898971349000931,0.0035429000854492188,0.0003,0.131429523229599,0.00463677093066508,0.5150477290153503,0.2920767867472023
246,400,1,230069.9828159809,820001,178.39424704202986,244.4432918395904,0.7297980881352902,N/A,N/A,N/A,N/A,N/A,N/A,N/A,N/A,N/A
247,402,9,230430.1117529869,823591,179.17483767583758,200.86722909337334,0.8920063192216784,0.05459719,0.28642578125,-5.86128838956356,-0.004828810691833496,0.0003,0.18049083650112152,0.010260541296156589,0.5125612616539001,0.26332433833740654
248,403,9,230790.30742383003,827187,178.99210559456222,239.5396855552924,0.7472336167580294,0.079628535,0.28623046875,-5.824617417156697,0.05901515483856201,0.0003,0.1525343358516693,-0.001028282912739087,0.5118040442466736,0.32271358026191593
249,405,1,232875.22995233536,830001,178.51571087028282,200.90406558371473,0.8885619629031205,N/A,N/A,N/A,N/A,N/A,N/A,N/A,N/A,N/A
250,407,9,233235.4098393917,833551,177.74788645201997,219.0854523011441,0.8113176141321171,0.19137505,0.320263671875,-5.755252948403358,0.002149224281311035,0.0003,0.13761121034622192,0.005191786817886168,0.5075808167457581,0.3574903440196067
251,408,9,233595.57772421837,837146,179.78180341445926,207.2718094312666,0.8673721906889451,0.042768106,0.28173828125,-5.768010354042053,-0.018029212951660156,0.0003,0.16640345752239227,0.0020072071070899255,0.5086361169815063,0.3098717168904841
252,410,1,235682.8047311306,840001,179.94955091660157,251.55890589085206,0.7153376275005712,N/A,N/A,N/A,N/A,N/A,N/A,N/A,N/A,N/A
253,411,9,236042.98222231865,843597,177.8524274826541,223.53097544030237,0.7956500307500001,0.012695556,0.174169921875,-5.798474881052971,0.10099810361862183,0.0003,1336.064453125,-0.001316376149043208,0.5102437734603882,1064.7766475457697
254,413,9,236403.09107851982,847187,176.34713978471416,228.8295865675248,0.7706483345529983,0.033570245,0.29365234375,-5.752514190971851,0.11769652366638184,0.0003,0.13342618942260742,0.0021487256293767133,0.5053809881210327,0.28484998079948126
255,415,1,238487.06662988663,850001,177.70841335702553,240.06992149640894,0.7402360622660668,N/A,N/A,N/A,N/A,N/A,N/A,N/A,N/A,N/A
256,416,9,238847.18528556824,853595,179.4022000659903,198.62936952519624,0.9032007728506284,0.024766741,0.293017578125,-5.741215755045414,-0.00016510486602783203,0.0003,1944.3516845703125,-0.004931359237525612,0.5064533948898315,1047.391554357484
257,418,9,239207.29634213448,857169,180.2172985210934,226.6377543309341,0.7951777454428091,0.07710514,0.26201171875,-5.716841837763786,0.0005849003791809082,0.0003,0.1730557233095169,0.0036766687837371135,0.5038571357727051,0.28400149564258753
258,419,1,241291.7659599781,860001,178.23185644465968,239.96531704621668,0.7427400702674575,N/A,N/A,N/A,N/A,N/A,N/A,N/A,N/A,N/A
259,421,9,241651.91879701614,863586,180.39168873301134,225.1626445284239,0.8011617073996447,0.103395924,0.29267578125,-5.690085259079933,1.5676021575927734e-05,0.0003,0.0969802737236023,0.01007730428391369,0.5022543668746948,0.2750413844827563
260,423,9,242012.0339064598,867176,179.33981531190406,194.06777956854006,0.9241091731487842,0.035879664,0.30537109375,-5.660206240415573,3.4868717193603516e-05,0.0003,0.10673788189888,0.005218785491888411,0.5013909935951233,0.18173616058193148
261,424,1,244095.69804525375,870001,180.60424901105554,232.76876498784833,0.7758955503350459,N/A,N/A,N/A,N/A,N/A,N/A,N/A,N/A,N/A
262,426,9,244455.83389496803,873590,180.84733125986287,229.2679688552682,0.7888033036748705,0.02910265,0.24658203125,-5.606645482778549,0.0002377033233642578,0.0003,0.09232939779758453,0.007698131892539095,0.4986075758934021,0.2069462397368625
263,428,9,244815.97677230835,877179,180.96979834373755,211.18059668569856,0.8569433043750514,0.041004788,0.249755859375,-5.6174101188778875,-0.00016641616821289062,0.0003,0.13299939036369324,0.004185361800773535,0.49818193912506104,0.18917525466531515
264,429,1,246899.29728388786,880001,177.02569194943877,199.79377892967625,0.8860420624595552,N/A,N/A,N/A,N/A,N/A,N/A,N/A,N/A,N/A
265,431,9,247259.40985560417,883589,180.28604793731228,196.41451059038084,0.9178855849061773,2.375632,0.331005859375,-5.6214420855045315,-2.7714953422546387,0.0003,0.059199072420597076,-0.0025071679090615364,0.4989520311355591,0.20160218384116887
266,433,9,247619.57338619232,887158,180.0501681010784,248.28320712953973,0.7251806120223778,0.1905409,0.297998046875,-5.5613486364483835,0.0006849169731140137,0.0003,0.3267216980457306,0.01130343836848624,0.49551939964294434,0.48789892755448816
267,434,1,249705.3152244091,890001,178.91173464064286,227.79546440712446,0.7854051664561907,N/A,N/A,N/A,N/A,N/A,N/A,N/A,N/A,N/A
268,436,9,250065.44474625587,893591,174.12539544885706,196.51123253986236,0.8860836767360648,0.40567923,0.415771484375,-5.573853875696659,-0.6315680742263794,0.0003,0.32767999172210693,0.017449263886373956,0.49619513750076294,0.6344428723677993
269,438,9,250425.57909870148,897173,176.06740225149258,230.48984634783992,0.7638835507998187,0.04010114,0.3169921875,-5.530677419900894,0.00021094083786010742,0.0003,0.18182560801506042,0.006122545564721804,0.4935971200466156,0.2515165829565376
270,439,1,252510.38323640823,900001,179.22462788654278,229.31071444499833,0.7815798242150215,N/A,N/A,N/A,N/A,N/A,N/A,N/A,N/A,N/A
271,441,9,252870.49703121185,903591,172.52644212148323,218.25946290205178,0.7904648890248019,0.031766754,0.292529296875,-5.440010130405426,-4.76837158203125e-05,0.0003,0.19280670583248138,0.009724958916194737,0.48673301935195923,0.283853495772928
272,442,9,253230.67473101616,907187,179.88273753370342,248.0411574175308,0.7252132646313392,0.053107083,0.339208984375,-5.434015609323978,0.00016236305236816406,0.0003,0.21566736698150635,-0.0011881346843438223,0.4876616597175598,0.33666908503510057
273,444,1,255316.08076691628,910001,179.563933515345,242.87030466523655,0.7393408336307286,N/A,N/A,N/A,N/A,N/A,N/A,N/A,N/A,N/A
274,446,9,255676.19702076912,913590,179.5998249033942,207.60374406811343,0.8651087951692656,0.036396585,0.262841796875,-5.503073926270008,-0.0001678466796875,0.0003,0.08826497197151184,0.004834084240428638,0.4907747805118561,0.2266100051579997
275,447,9,256036.3228032589,917184,180.0720123347489,248.19685431829362,0.7255209290598833,0.021618031,0.23388671875,-5.469522421061993,0.0006774067878723145,0.0003,0.15779197216033936,0.002132898129639216,0.4867479205131531,0.21777676735073329
276,449,1,258119.64911317825,920001,169.18876504614587,216.45251361915248,0.781643798989708,N/A,N/A,N/A,N/A,N/A,N/A,N/A,N/A,N/A
277,450,9,258479.8288116455,923597,174.564337032617,247.3179336032754,0.7058296763575463,0.018269133,0.1859375,-5.4123517408967015,0.4301071763038635,0.0003,136.53680419921875,-0.010333994522079592,0.4852145314216614,1068.792581063509
278,452,9,258839.9379107952,927187,179.73724789320673,201.3389682791784,0.892709689681043,0.075862266,0.295654296875,-5.3568852439522745,1.2099742889404297e-05,0.0003,1.5624468326568604,0.006717278822907247,0.4808923006057739,0.2387977515347302
279,454,1,260927.64272141457,930001,177.42923732720791,198.96522064019055,0.8917600611620038,N/A,N/A,N/A,N/A,N/A,N/A,N/A,N/A,N/A
280,455,9,261287.75416755676,933590,179.4090850469935,250.10209748099845,0.7173433843777506,0.024114009,0.224072265625,-5.37592162489891,0.007311463356018066,0.0003,568.2124633789062,-0.0029275074710312767,0.48258036375045776,1054.2032047912478
281,457,9,261647.87698340416,937180,179.41235138659266,224.35354406628983,0.7996858357342536,0.108563736,0.319580078125,-5.413069345057011,9.649991989135742e-05,0.0003,0.0916062667965889,0.006923544565506745,0.4878116250038147,0.3070572982542217
282,458,1,263731.62490582466,940001,179.47760896422122,222.206133023167,0.8077077195052444,N/A,N/A,N/A,N/A,N/A,N/A,N/A,N/A,N/A
283,460,9,264091.75620126724,943583,173.57054040734042,228.3732096739812,0.7600302183216874,0.042861678,0.235400390625,-5.476064316928387,0.9659424424171448,0.0003,1.0981199741363525,-0.005012995031574974,0.48884087800979614,17.580465227924286
284,462,9,264451.8562338352,947168,177.557445508409,210.2939634189163,0.8443297307336659,0.066921934,0.297412109375,-5.492098839581013,-0.014735698699951172,0.0003,0.09788911789655685,0.008894879014405888,0.4902128577232361,0.18874195851385595
285,463,1,266538.29011940956,950001,179.1950728894808,196.64996344005036,0.911238780596617,N/A,N/A,N/A,N/A,N/A,N/A,N/A,N/A,N/A
286,465,9,266898.4248726368,953589,177.5452309159319,192.69759035078133,0.9213671566558436,0.03572937,0.303173828125,-5.4340733021497725,-1.1920928955078125e-07,0.0003,0.18732818961143494,0.004489774201647379,0.484804630279541,0.30841482798568903
287,467,9,267258.59969830513,957178,178.88602121012968,192.20856323182244,0.9306870526594361,0.027684709,0.2501953125,-5.377356487512588,9.000301361083984e-06,0.0003,0.1962663233280182,0.0017481467977631838,0.4815348982810974,0.26567322318442166
288,468,1,269346.256380558,960001,176.92959889818385,203.33751346914497,0.8701276802277396,N/A,N/A,N/A,N/A,N/A,N/A,N/A,N/A,N/A
289,470,9,269706.44951725006,963557,177.75590298601836,229.76724135977437,0.7736346658211578,0.049684677,0.289990234375,-5.361987066268921,-1.5497207641601562e-06,0.0003,0.08640843629837036,0.006277783084078692,0.4823210835456848,0.18461242055054755
290,472,9,270066.61107230186,967142,177.12519333879408,216.65565444133725,0.8175424444634256,0.07813035,0.305712890625,-5.378661957383156,4.172325134277344e-07,0.0003,0.1216244250535965,0.0035387186566367746,0.48219215869903564,0.23951823664829136
291,473,1,272154.2023713589,970001,179.5798428812311,248.6443420029063,0.7222357904252333,N/A,N/A,N/A,N/A,N/A,N/A,N/A,N/A,N/A
292,475,9,272514.36687254906,973570,178.69901713275985,231.2771934270038,0.77266164676614,0.030952435,0.295458984375,-5.366405825316906,5.060434341430664e-05,0.0003,0.13203299045562744,0.003204102974268608,0.48254185914993286,0.2533299299655482
293,477,9,272874.4922709465,977155,179.48697175648377,234.53911826507385,0.7652752047683121,0.24952967,0.259619140625,-5.315549519658089,5.960464477539062e-07,0.0003,0.10750310122966766,0.003744636104966048,0.4795460104942322,0.2135746203130111
294,478,1,274961.45856261253,980001,177.8689850779344,202.93570964964198,0.8764794790676123,N/A,N/A,N/A,N/A,N/A,N/A,N/A,N/A,N/A
295,480,9,275321.5979721546,983586,167.3138098315898,218.13462409381316,0.7670208731266484,0.04440756,0.30263671875,-5.3377131670713425,-0.0038039684295654297,0.0003,0.11140778660774231,-0.0004493322820053436,0.48339366912841797,0.2220175445312634
296,482,9,275681.7509121895,987158,177.09057288172295,236.37167590803443,0.7492038637938325,0.041312825,0.317529296875,-5.401299619674683,0.009916245937347412,0.0003,0.16916592419147491,0.0026091764710145073,0.48735311627388,0.23174937842413784
297,483,1,277768.6120874882,990001,177.53419774788634,228.87539881810335,0.7756805609718677,N/A,N/A,N/A,N/A,N/A,N/A,N/A,N/A,N/A
298,485,9,278128.77968883514,993591,179.7057712915121,226.6870500031462,0.7927482901604567,0.03486595,0.319775390625,-5.439832113683224,-1.1205673217773438e-05,0.0003,0.1414269357919693,0.004751155152189312,0.4874809980392456,0.25989521401934323
299,486,9,278488.9383046627,997186,177.467216959684,225.18006628942214,0.7881124643226048,0.02859047,0.25888671875,-5.43676840364933,0.930508516728878,0.0003,0.1805090606212616,-0.0028825693203543778,0.4867517054080963,5.920638320269063
300,488,1,280573.7334301472,1000001,174.61444649735117,238.0412536565231,0.7335469958048012,N/A,N/A,N/A,N/A,N/A,N/A,N/A,N/A,N/A
